,from,to,weight,Joint_Probability,Contional_Probability
0,WT,A,39985,0.39985,0.999625
1,WT,B,12,0.00012,0.0003
2,WT,C,3,3e-05,7.5e-05
3,A,AB,29973,0.29973,0.99959979989995
4,A,AC,12,0.00012,0.00040020010005002504
5,B,AB,12,0.00012,1.0
6,AB,ABC,19979,0.19979,0.9996997748311234
7,AB,ABD,6,6e-05,0.0003002251688766575
8,C,AC,3,3e-05,1.0
9,AC,ABC,15,0.00015,1.0
10,ABC,ABCD,9994,0.09994,1.0
11,ABD,ABCD,6,6e-05,1.0
