,from,to,weight,Joint_Probability,Contional_Probability
0,WT,A,10724,0.09325217391304348,0.14298666666666668
1,WT,B,64276,0.5589217391304347,0.8570133333333333
2,A,AB,5724,0.04977391304347826,1.0
3,B,AB,34276,0.2980521739130435,1.0
