,from,to,weight,Joint_Probability,Contional_Probability
0,WT,A,10733,0.09333043478260869,0.14310666666666666
1,WT,B,64267,0.5588434782608696,0.8568933333333333
2,A,AB,5733,0.04985217391304348,1.0
3,B,AB,34267,0.29797391304347826,1.0
