,from,to,weight,Joint_Probability,Contional_Probability
0,WT,A,25003,0.2778111111111111,0.50006
1,WT,B,24997,0.27774444444444446,0.49994
2,A,AB,20003,0.22225555555555557,1.0
3,B,AB,19997,0.22218888888888888,1.0
