,from,to,weight,Joint_Probability,Contional_Probability
0,WT,A,25073,0.2785888888888889,0.50146
1,WT,B,24927,0.2769666666666667,0.49854
2,A,AB,20073,0.22303333333333333,1.0
3,B,AB,19927,0.22141111111111111,1.0
